query_id,algorithm,path,hops,cost_km,expanded,max_frontier,runtime_ms,gap_pct
Q1,UCS,KUL -> HKT -> LED -> HEL -> KEF,4,11461.348578050694,1851,616,11.814200000003439,0.0
Q1,GBFS,KUL -> LHR -> KEF,2,12500.498489789588,2,246,4.88109999992048,9.066558831732419
Q1,A*,KUL -> HKT -> LED -> HEL -> KEF,4,11461.348578050694,69,409,4.007400000091366,0.0
Q2,UCS,SIN -> JNB -> GRU -> EZE,3,17817.356252826285,3002,620,9.215499999982057,0.0
Q2,GBFS,SIN -> JNB -> GRU -> EZE,3,17817.356252826285,3,262,3.8902999999663734,0.0
Q2,A*,SIN -> JNB -> GRU -> EZE,3,17817.356252826285,151,330,4.074199999877237,0.0
Q3,UCS,NRT -> HKG -> MRU -> CPT,3,14813.319264012905,3042,1018,7.953900000075009,0.0
Q3,GBFS,NRT -> DOH -> JNB -> CPT,3,15811.29463537717,3,234,4.3370999999297055,6.7370138560958415
Q3,A*,NRT -> HKG -> MRU -> CPT,3,14813.319264012905,63,496,3.282499999841093,0.0
Q1,Weighted A* (1.5h),KUL -> AMS -> KEF,2,12274.31753121269,2,317,5.99659999988944,7.093135224234337
Q2,Weighted A* (1.5h),SIN -> JNB -> GRU -> EZE,3,17817.356252826285,3,262,4.26549999974668,0.0
Q3,Weighted A* (1.5h),NRT -> CMB -> SEZ -> JNB -> CPT,4,14929.353967643605,4,189,3.0965000005380716,0.7833133247360013
